{
  "loss": [
    0.12575030326843262,
    0.12530389428138733,
    0.12486521154642105,
    0.12443384528160095,
    0.12400840222835541,
    0.12363149225711823,
    0.12324971705675125
  ],
  "val_loss": [
    0.19525057077407837,
    0.19541020691394806,
    0.1955852210521698,
    0.19578087329864502,
    0.19599775969982147,
    0.19622549414634705,
    0.19646279513835907
  ]
}