{
  "loss": [
    0.1367029994726181,
    0.13596418499946594,
    0.1352645456790924,
    0.13457262516021729,
    0.13388799130916595,
    0.13325709104537964,
    0.13270336389541626,
    0.13217276334762573,
    0.13163739442825317,
    0.13111326098442078,
    0.13058722019195557,
    0.13005226850509644,
    0.1295126974582672,
    0.128976970911026,
    0.12844054400920868,
    0.12790447473526,
    0.12739109992980957,
    0.1268836259841919
  ],
  "val_loss": [
    0.1504715085029602,
    0.15040966868400574,
    0.15035945177078247,
    0.1503140777349472,
    0.1502731442451477,
    0.15016844868659973,
    0.15012896060943604,
    0.15009450912475586,
    0.15006479620933533,
    0.15003998577594757,
    0.15001460909843445,
    0.14999152719974518,
    0.1499938815832138,
    0.1500057578086853,
    0.15002450346946716,
    0.15004880726337433,
    0.1500692069530487,
    0.15005435049533844
  ]
}